|Raison Sociale|Adresses|Telephone
0|Compagnons du loiret (les)|253 bis r des murlins 45000 ORLÉANS|02 38 68 32 38
1|Milcent-lesage (sarl)|R muids 45140 INGRÉ|02 38 73 24 07
2|Dumais|Zale clair ruisseau 45500 POILLY LEZ GIEN|02 38 67 25 52
3|Loiret dépannage|1 bd québec 45000 ORLÉANS|02 38 77 80 20
4|Spv|130 ter fbg bourgogne 45000 ORLÉANS|06 32 27 62 92
5|A.d.s|62 r faubourg st vincent 45000 ORLÉANS|02 38 54 06 47
6|Gaz service 45|6 r jacques charles 45380 LA CHAPELLE SAINT MESMIN|02 38 86 18 56
7|Bernard ribeiro sarl|90 r closiers 45000 ORLÉANS|02 38 62 18 47
8|Servi gaz|257 rte nationale 45140 INGRÉ|02 38 74 72 72
9|Gaz service 45|387 r moulins 45750 SAINT PRYVÉ SAINT MESMIN|02 38 51 10 00
10|Bouhours (sarl)|66 r du clos renard 45110 CHÂTEAUNEUF SUR LOIRE|02 38 58 44 76
11|Bonneau sarl|1147 av pont aux moines 45430 MARDIÉ|02 38 91 19 67
12|Plomberie art chauffage|370 r villeserin 45400 SEMOY|02 38 83 06 73
13|Poignard christian services|R charles jeune 45650 SAINT JEAN LE BLANC|06 26 84 23 50
14|Eleo45|35 r sauge 45430 CHÉCY|02 38 81 82 02
15|Seckin yannick|10 r lavoisier 45140 INGRÉ|06 68 09 34 75
16|La goutte d'eau|2 imp marcoussis 45330 LE MALESHERBOIS|06 31 59 23 35
17|Gallier (sa)|160 r léon foucault 45140 SAINT JEAN DE LA RUELLE|02 38 70 72 00
18|Rousseau thierry sarl|11 r manoir 45460 LES BORDES|02 38 29 01 24
19|Bannery grapperon ets|8 r corvées 77690 MONTIGNY SUR LOING|01 64 45 86 44
20|La goutte d'eau|2 imp marcoussis 45330 LE MALESHERBOIS|06 31 59 23 35
21|Poignard christian services|R charles jeune 45650 SAINT JEAN LE BLANC|06 26 84 23 50
22|Alpha-plomberie|120 r montpatour 45140 INGRÉ|06 33 30 21 34
23|Bercier lechauve|Zone artisanale champagne 45420 BONNY SUR LOIRE|02 38 31 62 93
24|Bischoff cédric|114 r gué du roi 45370 CLÉRY SAINT ANDRÉ|06 37 03 47 65
25|Ng confort|20 rte mirebeau 45210 FERRIÈRES EN GÂTINAIS|06 33 91 93 80
26|Natéi|2 chem aulnes 77140 SAINT PIERRE LÈS NEMOURS|06 52 32 72 42
27|Protec ozone rc|12 r st marc 77620 EGREVILLE|06 07 42 51 03
28|Préfabrication gatinaise|Villemandeur 45700 VILLEMANDEUR|02 38 85 20 07
29|Sarl hureau|2 bis r brie 45210 LA SELLE SUR LE BIED|02 38 87 33 73
30|Orléans clim et plomberie|17 bis r st marc 45000 ORLÉANS|06 13 56 43 44
31|Chapat energie sarl|Villemandeur 45700 VILLEMANDEUR|02 38 87 85 19
32|Chauffage nouvelle energie|6 bis r souvenir 77140 NEMOURS|01 64 31 55 01
33|Mickaël david sas|11 rte darvoy 45150 JARGEAU|06 47 13 24 98
34|Couillard axel|11 r eglise 45150 DARVOY|02 38 63 74 79
35|Camus|1 chem jargeau 41600 VOUZON|02 54 88 40 24
36|Mazeau|166 r rocquemolle 45400 SEMOY|02 38 86 75 93
37|C'spid|6 r eglise 91670 ANGERVILLE|01 64 95 67 55
38|Aria technics sarl|39 bis r trépinière 45740 LAILLY EN VAL|02 45 48 37 41
39|G-p lopez alliance plomberie chauffage|63 r gâtinais 45120 CHÂLETTE SUR LOING|02 38 98 75 93
40|Houry sarl|8 rte jargeau 45150 FÉROLLES|02 38 59 81 44
41|C spid|9 ter r 19 mars 1962 91740 PUSSAY|01 64 95 67 55
42|Sarlbr|37 r aristide briand 45130 MEUNG SUR LOIRE|02 36 17 28 44
43|Ets cadet energies|10 chem pauroy 45510 TIGY|06 79 10 43 88
44|Leloup|14 r petit saumery 41350 HUISSEAU SUR COSSON|06 78 34 96 88
45|Chapat energie sarl|Villemandeur 45700 VILLEMANDEUR|02 38 87 85 19
46|Mazeau|166 r rocquemolle 45400 SEMOY|02 38 86 75 93
47|C'spid|6 r eglise 91670 ANGERVILLE|01 64 95 67 55
48|A.p.f artisan planchenot franck|7 av ampère 45800 SAINT JEAN DE BRAYE|02 38 81 26 42
49|Alpha-plomberie|120 r montpatour 45140 INGRÉ|06 33 30 21 34
50|Chauffage nouvelle energie|6 bis r souvenir 77140 NEMOURS|01 64 31 55 01
51|Mickaël david sas|11 rte darvoy 45150 JARGEAU|06 47 13 24 98
52|Entreprise couturier|35 r jean jaurès 45200 MONTARGIS|02 38 96 62 58
53|Ng confort|20 rte mirebeau 45210 FERRIÈRES EN GÂTINAIS|06 33 91 93 80
54|Protec ozone rc|12 r st marc 77620 EGREVILLE|06 07 42 51 03
55|Orléans clim et plomberie|17 bis r st marc 45000 ORLÉANS|06 13 56 43 44
56|Aria technics sarl|39 bis r trépinière 45740 LAILLY EN VAL|02 45 48 37 41
57|Sarl hureau|2 bis r brie 45210 LA SELLE SUR LE BIED|02 38 87 33 73
58|Chapat energie sarl|Villemandeur 45700 VILLEMANDEUR|02 38 87 85 19
59|Le petit plombier sas|81 r pointe 45160 OLIVET|02 34 59 81 42
60|Dépannage loiret services sarl|48 r faubourg madeleine 45000 ORLÉANS|07 77 23 21 74
61|Boucheron charles|29 r rochers 89690 CHÉROY|06 17 95 59 69
62|Erdogan entreprise|33 r sablons 77760 LARCHANT|06 76 28 32 84
63|Vitet couverture|80 r champoigny 45140 INGRÉ|02 38 61 11 51
64|Gilles tinard|56 r edmond hubert 77620 EGREVILLE|06 40 96 90 42
65|Christophe dépannage|40 r noyers 45120 CORQUILLEROY|06 71 11 82 23
66|Agencement deco conseil installation|189 rte st mesmin 45750 SAINT PRYVÉ SAINT MESMIN|02 38 56 40 19
67|Ryg sarl|2 r grand port 41500 SUÈVRES|02 54 46 86 02
68|Servicentre|82 r clos pasquies 45650 SAINT JEAN LE BLANC|02 46 91 09 94
69|Enr concept|1 r hôtel de ville 89690 CHÉROY|03 86 97 52 34
70|Lecomte baptiste|69 r montoir 77670 VERNOU LA CELLE SUR SEINE|06 60 09 43 22
71|Picot olivier|6 résid puiseaux 45420 BONNY SUR LOIRE|02 38 31 67 43
72|Ab.plomberie chauffage|66 r fosses prolongée 45210 FERRIÈRES EN GÂTINAIS|06 17 31 37 50
73|Entreprise vossion (sarl)|1 a rte seichebrieres 45530 VITRY AUX LOGES|02 38 59 33 56
74|Marcin plombier|1 r châteaudun 45000 ORLÉANS|02 38 91 09 73
75|Joseph cosnard eurl|30 rte nationale 45140 INGRÉ|02 38 43 06 55
76|Orelec sarl|21 r gustave vapereau 45000 ORLÉANS|02 38 43 79 15
77|Pichot anthony|14 r tuilerie 45240 LA FERTÉ SAINT AUBIN|07 82 05 06 83
78|Ryg sarl|2 r grand port 41500 SUÈVRES|02 54 46 86 02
79|Entreprise pointeau sas|27 r jallemain 77570 CHÂTEAU LANDON|01 64 29 30 05
80|Enr concept|1 r hôtel de ville 89690 CHÉROY|03 86 97 52 34
81|Le petit plombier sas|81 r pointe 45160 OLIVET|02 34 59 81 42
82|Gaume claude|12 r moulinet 45290 VARENNES CHANGY|02 38 94 58 66
83|Orelec sarl|21 r gustave vapereau 45000 ORLÉANS|02 38 43 79 15
84|Loic plomberie chauffage|40 r nationale 28140 ORGÈRES EN BEAUCE|02 37 99 76 61
85|Pichot anthony|14 r tuilerie 45240 LA FERTÉ SAINT AUBIN|07 82 05 06 83
86|Gilles tinard|56 r edmond hubert 77620 EGREVILLE|06 40 96 90 42
87|Boucheron charles|29 r rochers 89690 CHÉROY|06 17 95 59 69
88|Debus (sarl)|5 rte st ange 77940 VOULX|01 60 96 03 50
89|Joseph cosnard eurl|30 rte nationale 45140 INGRÉ|02 38 43 06 55
90|Le foyer lumineux sarl|19 r hôtel de ville 45340 BOISCOMMUN|02 38 33 76 45
91|Sarl maillard mickaël|25 r hauts bois 45760 BOIGNY SUR BIONNE|02 38 75 93 03
92|Acse 45 sarl|224 r 3 croix 45470 TRAÎNOU|02 38 52 73 55
93|Tony afonso eurl|24 bis r chicago 45390 PUISEAUX|06 22 89 46 70
94|Pincin sebastien|23 r genêts 45140 INGRÉ|06 95 81 08 96
95|S3c-hess|Zi moulin à vent 45250 BRIARE|02 38 37 11 46
96|Eaf 45|36 r bolets 45650 SAINT JEAN LE BLANC|02 38 66 20 66
97|Ponthonne|33 rte orleans 45150 JARGEAU|02 38 59 72 18
98|Fougeret eric|450 r gerard de fontenay 45240 LIGNY LE RIBAULT|02 38 45 45 75
99|V . l energies|118 r baron blanquet 41600 LAMOTTE BEUVRON|02 54 97 29 30
100|Bercier-lechauve sa|48 r faubourg villeneuve 45420 BONNY SUR LOIRE|02 38 31 62 93
101|Climatconfort|1 rte marais 89150 JOUY|06 19 58 31 48
102|P.e.c.d|24 r voltaire prolongée 45120 CHÂLETTE SUR LOING|02 38 98 68 81
103|Ets latour|12 r nationale 91670 ANGERVILLE|01 60 10 40 40
104|Ponthonne|33 rte orleans 45150 JARGEAU|02 38 59 72 18
105|Rollion sarl|27 rte bonnee 45730 SAINT BENOIT SUR LOIRE|02 38 35 75 49
106|Chauffage plomberie simao sarl|466 r paul héroult 45650 SAINT JEAN LE BLANC|06 78 00 51 48
107|Acse 45 sarl|224 r 3 croix 45470 TRAÎNOU|02 38 52 73 55
108|Simon sas|6 r laveau 45170 CHILLEURS AUX BOIS|02 38 39 87 73
109|Brierre eric|48 r voisin 28150 LES VILLAGES VOVEENS|02 37 99 16 76
110|A ciret|2 r poterne 45330 LE MALESHERBOIS|02 38 34 71 78
111|Cid'eau|R ferte st aubin 41600 YVOY LE MARRON|07 83 01 78 81
112|Zak plomberie 45 sas|919 r source 45160 OLIVET|07 80 82 97 49
113|Hervé fonteny plomberie chauffage|36 r garenne 77130 CANNES ECLUSE|06 75 87 51 91
114|Pincin sebastien|23 r genêts 45140 INGRÉ|06 95 81 08 96
115|Plomberie chauffage couverture pcc|6 av sens 77250 MORET LOING ET ORVANNE|01 60 71 67 02
116|Apc sasu|8 ham corbasson 45120 GIROLLES|06 08 90 18 48
117|Plomberie chauffage couverture pcc|6 av sens 77250 MORET LOING ET ORVANNE|01 60 71 67 02
118|Ets latour|12 r nationale 91670 ANGERVILLE|01 60 10 40 40
119|Camus|1 chem jargeau 41600 VOUZON|02 54 88 40 24
120|Chk-plomberie|14 r jean baptiste chazal 77130 MONTEREAU FAULT YONNE|07 78 63 58 07
121|Bercier-lechauve sa|48 r faubourg villeneuve 45420 BONNY SUR LOIRE|02 38 31 62 93
122|Chauffage plomberie simao sarl|466 r paul héroult 45650 SAINT JEAN LE BLANC|06 78 00 51 48
123|Pincin sebastien|23 r genêts 45140 INGRÉ|06 95 81 08 96
124|Depond claude|1 r jean jacques rousseau 41500 MER|02 54 81 08 45
125|Chauffage plomberie sanitaires et dépannage c.p.s.d.|60 r flora tristan 45300 PITHIVIERS|02 38 34 66 30
126|Bouchet eric|30 bis r clos du fourreau 45650 SAINT JEAN LE BLANC|02 38 84 00 52
127|Boisson thierry|Rte champignelles 45230 LE CHARME|02 38 97 28 83
128|Ent pannetier|105 r charmoy 45760 VENNECY|06 75 84 93 56
129|Bougreau philippe sas|27 r nicéphore niépce 45700 VILLEMANDEUR|02 38 85 35 50
130|Illico travaux|150 r marcel belot 45160 OLIVET|06 03 11 29 14
131|Gandon philippe|229 r gén leclerc 45240 LA FERTÉ SAINT AUBIN|02 38 76 52 73
132|Therm-elec 45|203 all bois vert 45640 SANDILLON|02 38 41 11 40
133|Gillot david|86 r viaduc 77250 VENEUX LES SABLONS|06 99 37 76 74
134|Entreprise couturier|40 r st maurice 45700 PANNES|02 38 96 62 58
135|Ets latour|26 r saint martin 77620 EGREVILLE|01 60 22 32 44
136|Ets latour|26 r saint martin 77620 EGREVILLE|01 60 22 32 44
137|Chronodépannage 45|111 bd duhamel du monceau 45160 OLIVET|02 38 76 16 17
138|Loïc leroux sarl|8 r vove 41500 VILLEXANTON|02 54 87 85 16
139|Gandon philippe|229 r gén leclerc 45240 LA FERTÉ SAINT AUBIN|02 38 76 52 73
140|Ciron sebastien|18 r carreau 45470 LOURY|02 38 65 67 86
141|Plomberie services|5 sq normandie 45300 PITHIVIERS|06 12 54 35 28
142|Abp thermique|44 r trépinière 45740 LAILLY EN VAL|Appeler
143|Gandon antoine|6 r petit marché 41240 BEAUCE LA ROMAINE|02 54 86 63 59
144|Sourceau xavier|29 r louis boussenard 45300 ESCRENNES|02 38 34 06 21
145|G.j.l guillemin jean-luc|45 r château rosiers 77167 POLIGNY|01 64 29 21 78
146|Ascheres chauf dép clim|23 r château 45170 ASCHÈRES LE MARCHÉ|02 38 39 30 48
147|Entreprise couturier|40 r st maurice 45700 PANNES|02 38 96 62 58
148|Atout m.g.chauffage|80 r abbé thomas 45450 FAY AUX LOGES|02 38 59 23 98
149|Ocana plomberie chauffage|98 r gare 45590 SAINT CYR EN VAL|02 38 63 00 73
150|Prévost multi-services|412 r christ 45200 AMILLY|06 09 62 92 29
151|Peix paul|6 all clos de beauvin 45430 CHÉCY|02 38 86 89 33
152|Hubert thierry|3 r eglise 28150 BONCÉ|02 37 26 22 98
153|Sarl brisson energies|1 r ormes 45480 GRENEVILLE EN BEAUCE|02 38 39 97 57
154|Lpc45|1 fbg orléans 45300 PITHIVIERS|06 73 26 77 75
155|Bougreau philippe sas|27 r nicéphore niépce 45700 VILLEMANDEUR|02 38 85 35 50
156|Ste d exploitation fouqueau (sarl)|152 r orme tiseau 45470 TRAÎNOU|02 38 52 71 12
157|Ciron sebastien|18 r carreau 45470 LOURY|02 38 65 67 86
158|Ocana plomberie chauffage|98 r gare 45590 SAINT CYR EN VAL|02 38 63 00 73
159|Beaudoin|1 la noue archenaude 45730 SAINT BENOÎT SUR LOIRE|02 38 67 49 78
160|Gandon philippe|229 r gén leclerc 45240 LA FERTÉ SAINT AUBIN|02 38 76 52 73
161|2ec elec sarl|9 r neuve 45300 COURCELLES|02 38 30 32 04
162|Entreprise foltier-riglet|5 r pierrefitte 41600 CHAON|02 54 88 44 26
163|Lpc45|1 fbg orléans 45300 PITHIVIERS|06 73 26 77 75
164|Bdc energies|90 r alsace 45160 OLIVET|02 38 57 96 17
165|Hubert thierry|3 r eglise 28150 BONCÉ|02 37 26 22 98
166|Espace plomberie 45|464 r cornaillère 45650 SAINT JEAN LE BLANC|02 38 76 20 92
167|Entreprise brj|32 r ambroise paré 77430 CHAMPAGNE SUR SEINE|06 48 95 77 95
168|Prévost multi-services|412 r christ 45200 AMILLY|06 09 62 92 29
169|Ascheres chauf dép clim|23 r château 45170 ASCHÈRES LE MARCHÉ|02 38 39 30 48
170|Asselin bertrand|51 av mar leclerc 45270 BELLEGARDE|02 38 90 10 91
171|Sourceau xavier|29 r louis boussenard 45300 ESCRENNES|06 80 33 64 28
172|Sanitherm 28|161 r boel 28310 LE PUISET|02 37 90 09 72
173|Chronodépannage 45|111 bd duhamel du monceau 45160 OLIVET|02 38 76 16 17
174|Bonacci pierre|2 r plage 77670 VERNOU LA CELLE SUR SEINE|06 18 31 27 71
175|Thomain patrice|Lieu-dit maison seule 89170 LAVAU|03 86 74 16 24
176|Orosco jean patrice|58 r gén de gaulle 45650 SAINT JEAN LE BLANC|02 38 55 97 55
177|Gandon antoine|6 r petit marché 41240 BEAUCE LA ROMAINE|02 54 86 63 59
178|Toussaint plomberie|37 r puits tournant 45500 POILLY LEZ GIEN|06 71 82 55 96
179|Peix paul|6 all clos de beauvin 45430 CHÉCY|02 38 86 89 33
180|Pezy plomberie|1 r château 41240 AUTAINVILLE|06 52 89 70 29
181|Lepage sarl|4 r château d'eau 45140 INGRÉ|02 38 74 91 49
182|A.p.c arthebise plomberie chauffage sas|10 chem bourrassieres 45450 FAY AUX LOGES|06 64 99 79 87
183|Pb sologne|2 all petit bois 45510 TIGY|06 24 74 56 29
184|Schilling services|4 r boissandiere 45130 SAINT AY|02 38 88 25 00
185|Decaens & associes sarl|56 r georges bannery 45290 NOGENT SUR VERNISSON|02 38 97 60 89
186|Mbm multi besoins de la maison|80 imp ardillière 45160 OLIVET|02 38 60 08 44
187|Venon eurl|16 r brossardières 45240 LA FERTÉ SAINT AUBIN|06 45 31 43 67
188|M.s.e.p|2 chem filature 91660 MEREVILLE|06 47 82 16 89
189|Upc 45 (sarl)|4 r orleans 45150 JARGEAU|06 28 76 10 61
190|Ribeiro toni|40 r villione 77760 LA CHAPELLE LA REINE|07 82 13 94 24
191|R.c.p.|3 av ilvesheim 45430 CHÉCY|07 51 38 80 41
192|Sani-depann'45|2 r buisson benoit 45460 LES BORDES|06 33 71 77 53
193|A.s plomberie chauffage|12 bis r hoche 77460 SOUPPES SUR LOING|06 88 69 89 98
194|Sg plomberie chauffage|732 r verdun 45160 SAINT HILAIRE SAINT MESMIN|06 88 73 67 50
195|Presles frédéric|40 le grand ambreville 45210 FERRIÈRES EN GÂTINAIS|02 38 26 02 12
196|Lepage sarl|4 r château d'eau 45140 INGRÉ|02 38 74 91 49
197|Avril eric|45 r montigny 45170 NEUVILLE AUX BOIS|02 38 75 55 15
198|Société nouvelle raphaneau|Zone d'activité la crosne 45300 ASCOUX|02 38 32 01 01
199|Mbm multi besoins de la maison|80 imp ardillière 45160 OLIVET|02 38 60 08 44
200|Chapeau bruno|279 r fusillés 45240 MARCILLY EN VILLETTE|02 38 76 15 55
201|A.p.c arthebise plomberie chauffage sas|10 chem bourrassieres 45450 FAY AUX LOGES|06 64 99 79 87
202|R.c.p.|3 av ilvesheim 45430 CHÉCY|07 51 38 80 41
203|Sg plomberie chauffage|732 r verdun 45160 SAINT HILAIRE SAINT MESMIN|06 88 73 67 50
204|Poitier pierre|45 r essonne 91720 PRUNAY SUR ESSONNE|01 64 99 30 08
205|Energie villedieu|56 r moine 45000 ORLÉANS|02 38 76 78 58
206|Entreprise foucher|542 r isabelle romée 45640 SANDILLON|06 13 22 00 31
207|Amoros vincent|3 r verte 45210 LA SELLE EN HERMOIS|06 13 40 22 74
208|Joffroy sarl|47 rte nivelle 45130 MEUNG SUR LOIRE|02 38 44 04 79
209|Jouas jean-françois|10 r petit bois 28200 MOLÉANS|02 37 96 10 61
210|Ribeiro toni|40 r villione 77760 LA CHAPELLE LA REINE|07 82 13 94 24
211|Valade g. (eurl)|11 rte d'orléans 45460 LES BORDES|02 38 29 03 24
212|Arsène entreprise|36 r eglise 45120 CEPOY|02 38 85 53 06
213|Johan laplaine plomberie|19 r raguenelle 45150 JARGEAU|0601711938
214|B.c.t.i|124 r de la vallée 45390 AULNAY LA RIVIÈRE|02 38 34 80 70
215|Chapeau bruno|279 r fusillés 45240 MARCILLY EN VILLETTE|02 38 76 15 55
216|Amoros vincent|3 r verte 45210 LA SELLE EN HERMOIS|06 13 40 22 74
217|Energie villedieu|56 r moine 45000 ORLÉANS|02 38 76 78 58
218|Mulot christophe|6 ham vau 45340 AUXY|06 15 02 18 43
219|Ribeiro toni|40 r villione 77760 LA CHAPELLE LA REINE|07 82 13 94 24
220|Sani-depann'45|2 r buisson benoit 45460 LES BORDES|06 33 71 77 53
221|A.p.c arthebise plomberie chauffage sas|10 chem bourrassieres 45450 FAY AUX LOGES|06 64 99 79 87
222|Thebault|1 rte brinon 18410 ARGENT SUR SAULDRE|06 59 13 18 59
223|Jacky soreau|180 r aiguiches 45370 CLÉRY SAINT ANDRÉ|07 60 41 99 60
224|Decaens & associes sarl|56 r georges bannery 45290 NOGENT SUR VERNISSON|02 38 97 60 89
225|Venon eurl|16 r brossardières 45240 LA FERTÉ SAINT AUBIN|06 45 31 43 67
226|Fb plomberie|1 bd châteaudun 45000 ORLÉANS|06 33 95 62 49
227|Arsène entreprise|36 r eglise 45120 CEPOY|02 38 85 53 06
228|Demeaux kevin|2 bis rte villemarechal 77710 SAINT ANGE LE VIEIL|01 64 22 14 15
229|Em confort habitat|22 r henri troyat 45100 ORLÉANS|06 71 86 05 86
230|Milot 89 sarl|9 r hugues cosnier 89220 ROGNY LES SEPT ECLUSES|03 86 74 30 11
231|Kevin boutron sarl|Lieu-dit vignes du bourg 45290 OUZOUER DES CHAMPS|06 18 49 90 53
232|Thierry & fils sarl|9 r chemin aux chèvres 45260 LORRIS|02 38 92 40 54
233|Labbe francis|875 rte poilly 45500 SAINT MARTIN SUR OCRE|02 38 67 99 35
234|Ribeiro toni|40 r villione 77760 LA CHAPELLE LA REINE|07 82 13 94 24
235|Cadon romain|26 rte orleans 41500 MER|02 54 43 34 15
236|Em confort habitat|22 r henri troyat 45100 ORLÉANS|06 71 86 05 86
237|Montegnies steven|3 r ponchapt 45760 BOIGNY SUR BIONNE|02 38 75 96 73
238|Chaperon christophe|La touche 45470 REBRÉCHIEN|02 38 75 10 32
239|Sarl ferreira|16 r villée de st el 77780 BOURRON MARLOTTE|01 64 22 09 06
240|Dplp renov|R huisseau 41350 MONTLIVAULT|02 54 20 56 06
241|D-e-s pasquier|3 r grande 77670 SAINT MAMMÈS|01 64 23 19 56
242|Sevin nicolas|42 imp moulin d'argent 45170 NEUVILLE AUX BOIS|02 38 75 58 57
243|Master plomberie chauffage|64 all jean rostand 45800 SAINT JEAN DE BRAYE|06 23 60 21 07
244|S.m.a|3 bis r métiers 45200 MONTARGIS|02 38 90 95 25
245|Dias serge|6 bis chem bois cornu 45230 MONTBOUY|06 03 17 60 41
246|E.p.a.t|912 rte st jean de braye 45400 SEMOY|02 38 86 46 80
247|Rezonville badis|16 r gatinais 77570 LA MADELEINE SUR LOING|07 89 41 55 28
248|Hernandez francisco sarl|3 r marc sangnier 45800 SAINT JEAN DE BRAYE|02 38 55 31 79
249|Marie christophe|10 r croix rouge 45120 CEPOY|02 38 93 23 61
250|Claude merigoux (sas)|14 r harpe 77670 VERNOU LA CELLE SUR SEINE|01 64 23 36 48
251|Longuepee david|10 ham chamault 77460 CHAINTREAUX|01 72 66 22 55
252|Cochin arly|60 bis r etienne laurent 91740 PUSSAY|01 64 95 26 91
253|I.t.s installation thermique sanitaire-sarl|14 r blaise pascal 45800 SAINT JEAN DE BRAYE|02 38 65 55 02
254|Lbl plomberie chauffage|5 chem meuniers 77670 VERNOU LA CELLE SUR SEINE|06 17 73 82 96
255|S.m.a|3 bis r métiers 45200 MONTARGIS|02 38 90 95 25
256|Cruz concept|45 r hauts bergerets 45370 CLÉRY SAINT ANDRÉ|07 81 78 20 39
257|D-e-s pasquier|3 r grande 77670 SAINT MAMMÈS|01 64 23 19 56
258|Bezancon eric|34 rte boiscommun 45340 SAINT LOUP DES VIGNES|09 75 93 26 91
259|Master plomberie chauffage|64 all jean rostand 45800 SAINT JEAN DE BRAYE|06 23 60 21 07
260|I.t.s installation thermique sanitaire-sarl|14 r blaise pascal 45800 SAINT JEAN DE BRAYE|02 38 65 55 02
261|Loiret pluie|7 r clos st lazare 45230 CHÂTILLON COLIGNY|07 86 09 67 34
262|Normand sarl|54 grande rue 91490 ONCY SUR ECOLE|01 64 98 68 47
263|Ets merandon|1 bis r clemont 18410 ARGENT SUR SAULDRE|06 63 16 38 92
264|Cailteux christophe|62 r doct nandrot 45200 AMILLY|07 83 47 53 34
265|Diot armand|16 r petites fontaines 91490 MILLY LA FORÊT|01 64 98 84 46
266|Entreprise jean-pierre bounaud|13 r vignes 45240 MARCILLY EN VILLETTE|02 38 76 06 17
267|Br plomberie chauffage|55 imp grands champs 45450 DONNERY|02 38 57 32 87
268|Roussel services|10 r république 77570 CHÂTEAU LANDON|06 50 78 87 35
269|Sevin nicolas|42 imp moulin d'argent 45170 NEUVILLE AUX BOIS|02 38 75 58 57
270|Polydom' services|44 pl châtelet 45000 ORLÉANS|02 38 72 13 21
271|Castro joaquim|3 r puiseaux 45150 DARVOY|07 67 40 87 27
272|Imd installation maintenance dépannage|4 av blois 45190 BEAUGENCY|07 64 24 07 47
273|Leickman guillaume|4 r canal 45760 BOIGNY SUR BIONNE|06 79 09 59 12
274|Fnpc eirl|18 r paul lemesle 45000 ORLÉANS|06 58 73 53 20
275|Imd installation maintenance dépannage|4 av blois 45190 BEAUGENCY|07 64 24 07 47
276|Polydom' services|44 pl châtelet 45000 ORLÉANS|02 38 72 13 21
277|Alpha-plomberie|56 av pierre et marie curie 45800 SAINT JEAN DE BRAYE|06 33 30 21 34
278|El hafid|911 rte cornou 45210 NARGIS|09 67 36 71 73
279|Maçonnerie générale varela|24 r garennes fains la folie 28150 EOLE EN BEAUCE|06 87 37 30 33
280|Pro therm|90 all tourterelles 45770 SARAN|06 12 26 30 14
281|Billard eurl|590 r bourg 45520 GIDY|02 38 84 35 87
282|Leickman guillaume|4 r canal 45760 BOIGNY SUR BIONNE|06 79 09 59 12
283|Entreprise font et fils|1 pl général delort 77130 MONTEREAU FAULT YONNE|01 80 20 70 73
284|A.f. chauffage|41 r camille desmoulins 45120 CHÂLETTE SUR LOING|02 38 89 12 65
285|Créa'bain|758 r au luc 45470 LOURY|06 13 73 20 10
286|Marteau sebastien jacky yann|90 rte orleans 45170 SAINT LYÉ LA FORÊT|06 22 07 60 85
287|Lilo plomberie|132 r cognetterie 45200 AMILLY|07 68 28 21 47
288|Plomberie mist eurl|1 rte pierre le sault 77167 BAGNEAUX SUR LOING|06 11 42 48 19
289|Espace thermique sanitaire eurl|81 chem vert du blénois 45130 MEUNG SUR LOIRE|06 82 84 63 99
290|Pecs|11 r vigne aux vieux 77710 TREUZY LEVELAY|06 38 02 22 70
291|Ajf plomberie|27 rte vallée 77250 VILLECERF|06 10 28 44 32
292|Haudebourg frédéric|29 grande rue 45410 ARTENAY|02 38 80 02 62
293|Chris plomb|6 chem bardilly 45390 DESMONT|06 47 58 70 90
294|Entreprise mulon|3 rte forêt 45260 LORRIS|06 16 37 09 19
295|Pcls sologne|673 r dinetard 45560 SAINT DENIS EN VAL|02 34 32 59 60
296|Abmt|26 bis r roger salengro 45120 CHÂLETTE SUR LOING|02 38 85 56 96
297|Shabou alec entreprise individuelle|6 r boulay 45170 ASCHÈRES LE MARCHÉ|07 87 48 90 57
298|Elp 45|44 pl châtelet 45000 ORLÉANS|09 72 91 21 07
299|A et d plomberie|9 r montreal 45450 DONNERY|02 38 69 35 53
300|Arms sarl|20 ham gueudreville 45480 BAZOCHES LES GALLERANDES|06 68 92 31 07
301|Créa'bain|758 r au luc 45470 LOURY|06 13 73 20 10
302|Entreprise leroux|105 bis r faubourg madeleine 45000 ORLÉANS|06 80 08 45 39
303|Moreira da costa sergio|21 r mairie 77167 CHÂTENOY|01 64 29 90 15
304|Ajf plomberie|27 rte vallée 77250 VILLECERF|06 10 28 44 32
305|Bogoeski slobodan|24 r lyon 45230 LA BUSSIÈRE|06 13 66 04 80
306|Ongles a croquer|186 r vernisson 45200 AMILLY|06 88 21 12 03
307|Kurtis service|17 r jules michelet 45100 ORLÉANS|07 63 55 37 30
308|Berlinguet pascal|1 pl saint louis 45420 BATILLY EN PUISAYE|06 50 82 73 68
309|Marteau sebastien jacky yann|90 rte orleans 45170 SAINT LYÉ LA FORÊT|06 22 07 60 85
310|Services +|28 r libération 77130 LA GRANDE PAROISSE|06 30 28 38 98
311|Olive dépanne|1039 r gaudry 45700 PANNES|06 10 12 24 59
312|Adecr|47 r vallée 45130 COULMIERS|06 45 52 75 60
313|Amilly confort|110 r paucourt 45200 AMILLY|06 09 07 74 83
314|Chris plomb|6 chem bardilly 45390 DESMONT|06 47 58 70 90
315|Entreprise leroux|105 bis r faubourg madeleine 45000 ORLÉANS|06 80 08 45 39
316|Haudebourg frédéric|29 grande rue 45410 ARTENAY|02 38 80 02 62
317|Moreira da costa sergio|21 r mairie 77167 CHÂTENOY|01 64 29 90 15
318|Bs plomberie chauffage|12 grande rue 41370 LORGES|06 14 07 15 89
319|M m climatisation plomberie chauffage|3049 r paulin labarre 45160 OLIVET|06 64 03 59 01
320|Espace thermique sanitaire eurl|81 chem vert du blénois 45130 MEUNG SUR LOIRE|06 82 84 63 99
321|Iriia plomberie|4 av berlin 91670 ANGERVILLE|06 52 58 08 28
322|Arms sarl|20 ham gueudreville 45480 BAZOCHES LES GALLERANDES|06 68 92 31 07
323|Hardy freres sarl|15 r morville 45300 THIGNONVILLE|02 38 39 73 03
324|Marteau sebastien jacky yann|90 rte orleans 45170 SAINT LYÉ LA FORÊT|06 22 07 60 85
325|Elp 45|44 pl châtelet 45000 ORLÉANS|09 72 91 21 07
326|Plomberie services|11 r pasteur 45330 MALESHERBOIS (LE)|06 33 12 00 59
327|Pecs|11 r vigne aux vieux 77710 TREUZY LEVELAY|06 38 02 22 70
328|Probinord|10 chem vignes 91660 MÉRÉVILLE|01 64 95 08 79
329|Adecr|47 r vallée 45130 COULMIERS|06 45 52 75 60
330|Bogoeski slobodan|24 r lyon 45230 LA BUSSIÈRE|06 13 66 04 80
331|Monteiro sergio|5 rte sully 45730 SAINT BENOÎT SUR LOIRE|02 38 35 18 31
332|Fossati jordan|80 r vigneau 45270 LADON|06 61 26 86 99
333|Its habitat|30 r chesnois 77130 MONTEREAU FAULT YONNE|06 52 74 90 31
334|Delavalle philippe|7 r du grand bois 28310 ALLAINES MERVILLIERS|02 37 90 05 04
335|Fb services|8 r sables 77167 POLIGNY|06 27 81 55 82
336|Cordier yves|11 r emilie pellapra 41500 MENARS|02 54 46 80 67
337|Jls energy|100 r orleans 45410 ARTENAY|02 38 52 14 32
338|Les korrigans|16 r 8 mai 1945 91740 PUSSAY|01 64 95 64 86
339|Fiblec damien|39 r hôtel de ville 77890 BEAUMONT DU GÂTINAIS|06 33 31 14 55
340|Dnz|13 venelle beaumonts 45000 ORLEANS|06 60 31 16 51
341|Energie centre|32 bis rte utry 45500 POILLY LEZ GIEN|06 37 88 87 01
342|Enault marcel|4 r château 45480 CHÂTILLON LE ROI|06 02 18 87 33
343|Liony|1 r petit puits 45000 ORLÉANS|06 67 24 55 76
344|Manaranche ludovic|22 r guillaume apollinaire 45800 SAINT JEAN DE BRAYE|06 99 22 21 08
345|Sba plm 45|56 all nénuphars 45770 SARAN|07 66 81 68 87
346|Froid maintenance service|22 r dollon 45170 NEUVILLE AUX BOIS|02 38 91 80 43
347|Durand plombiers régis|38 r chanoine vergez 28630 THIVARS|02 37 26 49 96
348|Guiller alain|268 all melinières 45770 SARAN|02 38 73 37 56
349|Boudin eric|1 r motte 45370 CLÉRY SAINT ANDRÉ|06 07 03 05 30
350|Vibert christian|5 ham jarville 77570 AUFFERVILLE|01 64 69 53 55
351|Ets hume patrick|100 r emmanuel léger 45310 PATAY|02 38 75 73 25
352|Ferret|15 petite rue 77670 VERNOU LA CELLE SUR SEINE|01 60 74 00 37
353|Boucher landry|30 bis r thivars 28360 DAMMARIE|02 37 26 21 69
354|Marcin|14 pl croix morin 45000 ORLÉANS|02 38 91 09 73
355|Its habitat|30 r chesnois 77130 MONTEREAU FAULT YONNE|06 52 74 90 31
356|Amc plomberie|17 rte esmans 77940 NOISY RUDIGNON|01 60 96 68 31
357|Icp vieira|67 grande rue 77670 VERNOU LA CELLE SUR SEINE|06 09 90 02 93
358|Asd energie|3 r grands vents 45330 MALESHERBOIS (LE)|06 35 42 54 44
359|Csm caron|1 le petit ambreville 45210 FERRIÈRES EN GÂTINAIS|09 53 65 61 22
360|Liony|1 r petit puits 45000 ORLÉANS|06 67 24 55 76
361|P.guillaume e gallier|81 r ambert 45000 ORLÉANS|02 38 86 03 04
362|Dlp plomberie|Lieu-dit villabe 45600 GUILLY|02 38 55 41 25
363|Maillard stéphane|56 rte vitry 45450 INGRANNES|06 88 53 96 07
364|Jérôme decaux plomberie chauffage|8 r agates 45140 SAINT JEAN DE LA RUELLE|06 48 61 48 89
365|Teau damien jean rene|20 r drufin 45000 ORLÉANS|06 59 82 10 10
366|R.b.a|49 rte orleans 45140 BOULAY LES BARRES|02 38 74 68 07
367|Renobat 45 sarl|110 rte de fay aux loges 45530 VITRY AUX LOGES|02 38 59 16 34
368|Plomberie sonzogni|47 r doct charpentier 45230 SAINT MAURICE SUR AVEYRON|06 86 47 05 81
369|Meira david|5 pl louis veuillot 45300 BOYNES|06 84 87 26 07
370|Pavard alain|4 r bordes 91660 MÉRÉVILLE|01 64 95 02 06
371|Fixot raphael|6 r patay 28310 SANTILLY|07 69 24 27 43
372|Lange cedric lcist|7 av jean zay 45000 ORLÉANS|06 88 89 39 79
373|Chifflet david (sarl)|504 rte chatillon coligny 45220 CHATEAU RENARD|02 38 94 69 04
374|Bechet eurl|10 all fort vendrest 77130 CANNES ECLUSE|01 64 32 70 61
375|Entreprise font des fils|1 pl général delort 77130 MONTEREAU FAULT YONNE|01 80 20 70 73
376|Simpliceo|26 r genetraille 45380 CHAINGY|06 80 95 37 34
377|Tuaillon jean-françois|4 lieu-dit farnaults 45600 VILLEMURLIN|02 38 36 44 69
378|Genisan|306 r roquemaure 45160 OLIVET|07 78 69 22 87
379|Plombeauchauff|20 r nemours 45300 PITHIVIERS|06 40 10 93 97
380|Sebastien cossia plomberie|17 r moulin 45170 CROTTES EN PITHIVERAIS|07 87 65 71 09
381|R.b.a|49 rte orleans 45140 BOULAY LES BARRES|02 38 74 68 07
382|Deipc|20 pl république 45200 MONTARGIS|06 17 38 38 05
383|Maillard sébastien|24 r charronneries 45140 ORMES|09 60 41 56 00
384|Cpms chauffage plomberie maintenance s.|186 r maréchal foch 45370 CLÉRY SAINT ANDRÉ|06 16 66 34 17
385|Monteiro sergio|5 rte sully 45730 SAINT BENOÎT SUR LOIRE|02 38 35 18 31
386|Energie centre|32 bis rte utry 45500 POILLY LEZ GIEN|06 37 88 87 01
387|Nauleau benjamin eurl|Les grelots 45570 OUZOUER SUR LOIRE|07 85 58 86 70
388|Enault marcel|4 r château 45480 CHÂTILLON LE ROI|06 02 18 87 33
389|Delavalle philippe|7 r du grand bois 28310 ALLAINES MERVILLIERS|02 37 90 05 04
390|Constantin thierry|108 r petite levée 45430 BOU|02 38 91 30 77
391|Mms|5 r toue 45100 ORLÉANS|07 50 22 96 64
392|Pelle freres sarl|18 r croix boisee 28310 ROUVRAY SAINT DENIS|02 37 22 71 13
393|Plomberie sor'eau|80 r jean bordier 45130 BAULE|06 63 79 46 84
394|Derai bâtiment|1 bis r grands champs 45000 ORLÉANS|06 77 13 76 25
395|Lucas hervé|13 r cigogne 28360 PRUNAY LE GILLON|09 62 18 58 67
396|Grpc|62 r abbé pasty 45130 BAULE|06 10 69 68 30
397|Fred'eau|1 rte cottencins 45210 CHEVANNES|06 29 54 62 15
398|Les korrigans|16 r 8 mai 1945 91740 PUSSAY|01 64 95 64 86
399|Cp-energie sas|211 r bourg 45770 SARAN|07 81 98 59 92
400|Renobat 45 sarl|110 rte de fay aux loges 45530 VITRY AUX LOGES|02 38 59 16 34
401|Boisseau marc|76 rte briare 45500 GIEN|02 38 38 05 12
402|Csm caron|1 le petit ambreville 45210 FERRIÈRES EN GÂTINAIS|09 53 65 61 22
403|Vitet|40 r burelle 45800 SAINT JEAN DE BRAYE|02 38 83 08 29
404|Fredplomberie|12 le clos de la daunage 45130 LE BARDON|06 44 17 01 40
405|Fossati jordan|80 r vigneau 45270 LADON|06 61 26 86 99
406|Techniques energies 45|170 r sablons 45470 TRAÎNOU|02 34 59 23 51
407|Pionner marc|10 la tuilerie 45290 LANGESSE|02 38 94 54 39
408|Poullain|6 bis r soleil levant gaubert 28140 GUILLONVILLE|02 37 99 35 66
409|Daumain plombier chauffagiste multiservices|Lieu-dit hallebarderie 45220 CHUELLES|06 34 44 13 83
410|Ferreboeuf eric|26 r victor hugo 77670 SAINT MAMMÈS|01 64 69 08 47
411|Jls energy|100 r orleans 45410 ARTENAY|02 38 52 14 32
412|Lefaut romain|5 bis r tour du village 28700 OYSONVILLE|06 50 63 94 79
413|Zimmermann sony|62 r mairie 28630 BERCHÈRES LES PIERRES|06 10 58 08 20
414|Deipc|20 pl république 45200 MONTARGIS|06 17 38 38 05
415|Le bon tuyau|31 rte ferte 45150 JARGEAU|06 38 41 51 84
416|Monteiro sergio|5 rte sully 45730 SAINT BENOÎT SUR LOIRE|02 38 35 18 31
417|Marcin|14 pl croix morin 45000 ORLÉANS|02 38 91 09 73
418|Acpege|3 r clément ader 41500 MER|02 54 33 30 48
419|Tournois teddy|8 r vignes 41500 LESTIOU|02 54 52 02 53
420|Daumain plombier chauffagiste multiservices|Lieu-dit hallebarderie 45220 CHUELLES|06 34 44 13 83
421|Sba-plomberie|56 all nénuphars 45770 SARAN|06 65 43 48 53
422|Humbert philippe|43 r chasles 77940 VOULX|09 51 42 73 78
423|Cottin alexandre|396 les terreforts 45220 GY LES NONAINS|06 23 25 96 04
424|Liony|1 r petit puits 45000 ORLÉANS|06 67 24 55 76
425|Lacroix olivier|360 r 24 novembre 45270 LADON|02 38 95 62 51
426|Energie centre|32 rte utry 45500 POILLY LEZ GIEN|06 37 88 87 01
427|Javoy frédéric|18 r tudelle 45100 ORLÉANS|06 74 56 09 71
428|Societe malesherboise de plomberie couverture chauffage et incendie|165 bis la grande rue 45390 LA NEUVILLE SUR ESSONNE|02 38 34 87 37
429|Jmo eurl|La chabannerie 45250 BRIARE|02 38 37 11 74
430|Ens plus sarl|16 bis lieu-dit oinville 45330 MALESHERBOIS (LE)|06 58 24 10 58
431|Agence mac d'eau|2 r eglise 89170 SAINT FARGEAU|06 25 88 85 42
432|Parra christian|37 rte trainou 45450 FAY AUX LOGES|06 69 50 29 24
433|Pro climat services|203 r faubourg st vincent 45000 ORLÉANS|06 59 53 70 15
434|Entreprise font des fils|1 pl général delort 77130 MONTEREAU FAULT YONNE|01 80 20 70 73
435|Cottin alexandre|396 les terreforts 45220 GY LES NONAINS|06 23 25 96 04
436|Sanikom|60 bis av surville 77130 MONTEREAU FAULT YONNE|06 63 60 35 11
437|Rescue plomberie|Lieu-dit st sébastien 45220 CHÂTEAU RENARD|06 19 61 24 07
438|Liony|1 r petit puits 45000 ORLÉANS|06 67 24 55 76
439|Korczak jean-marie|11 r martinvault 45300 DADONVILLE|06 64 01 49 48
440|Vilfayeau stéphane|33 r ange pitou 28200 MOLÉANS|06 12 85 71 21
441|Fiblec damien|39 r hôtel de ville 77890 BEAUMONT DU GÂTINAIS|06 33 31 14 55
442|Jmo eurl|La chabannerie 45250 BRIARE|02 38 37 11 74
443|A-f-g- confort|8 imp ancien moulin 45330 MALESHERBOIS (LE)|06 72 83 35 38
444|Gauthier et compagnie|7 r vallée du chat 45150 JARGEAU|02 38 24 02 46
445|Lefaut romain|5 bis r tour du village 28700 OYSONVILLE|06 50 63 94 79
446|Plombeauchauff|20 r nemours 45300 PITHIVIERS|09 73 67 32 65
447|Petit eurl|9 r faons 45520 CERCOTTES|06 26 78 30 43
448|Idp|12 all beau site 89690 CHÉROY|06 77 20 01 84
449|Plomberie sor'eau|80 r jean bordier 45130 BAULE|06 63 79 46 84
450|Sanitherm 45|2785 r gén de gaulle 45160 OLIVET|06 79 82 41 77
451|Lebrun patrick|14 rte isdes 18410 CLÉMONT|02 48 58 53 03
452|Icp vieira|67 grande rue 77670 VERNOU LA CELLE SUR SEINE|06 09 90 02 93
453|Durand plombiers régis|38 r chanoine vergez 28630 THIVARS|02 37 26 49 96
454|Petoud pascal|24 r granges 77250 MORET LOING ET ORVANNE|01 60 70 90 21
455|Boisseau marc|76 rte briare 45500 GIEN|02 38 38 05 12
456|Sébastien services|929 av doct schweitzer 45200 AMILLY|02 38 93 01 15
457|Les korrigans|16 r 8 mai 1945 91740 PUSSAY|01 64 95 64 86
458|Entreprise font des fils|1 pl général delort 77130 MONTEREAU FAULT YONNE|01 80 20 70 73
459|Lefaut romain|5 bis r tour du village 28700 OYSONVILLE|06 50 63 94 79
460|Cardoso anthonio|2 r pontcourt 45650 SAINT JEAN LE BLANC|02 38 66 87 62
461|Gerbaud sarl|1 bd québec 45000 ORLÉANS|06 15 93 51 88
462|Leandro serge|5 bis rte jargeau 45150 DARVOY|06 25 32 09 54
463|Pelle freres sarl|18 r croix boisee 28310 ROUVRAY SAINT DENIS|02 37 22 71 13
464|Nauleau benjamin eurl|Les grelots 45570 OUZOUER SUR LOIRE|07 85 58 86 70
465|Combutec|3 r poterne 77130 MONTEREAU FAULT YONNE|01 64 32 77 30
466|Teau damien jean rene|20 r drufin 45000 ORLÉANS|06 59 82 10 10
467|Les germignons sarl|65 chem pont chalumeau 45110 GERMIGNY DES PRÉS|02 38 63 98 16
468|Guiller alain|268 all melinières 45770 SARAN|02 38 73 37 56
469|2p2c|5 r domaine des capetiens 45300 THIGNONVILLE|06 26 15 80 79
470|Lange cedric lcist|7 av jean zay 45000 ORLÉANS|06 88 89 39 79
471|Cpms chauffage plomberie maintenance s.|186 r maréchal foch 45370 CLÉRY SAINT ANDRÉ|06 16 66 34 17
472|Galamont dépannage|50 all sadi carnot 45770 SARAN|06 15 42 23 68
473|Goujon christopher|216 r corquilleroy 45700 PANNES|06 63 90 52 75
474|Cp-energie sas|211 r bourg 45770 SARAN|07 81 98 59 92
475|Leandro serge|5 bis rte jargeau 45150 DARVOY|06 25 32 09 54
476|Vilfayeau stéphane|33 r ange pitou 28200 MOLÉANS|06 12 85 71 21
477|Vibert christian|5 ham jarville 77570 AUFFERVILLE|01 64 69 53 55
478|Liony|1 r petit puits 45000 ORLÉANS|06 67 24 55 76
479|Deligny eric|2 all létang 45600 SULLY SUR LOIRE|07 83 77 37 04
480|Parra christian|37 rte trainou 45450 FAY AUX LOGES|06 69 50 29 24
481|Mms|5 r toue 45100 ORLÉANS|07 50 22 96 64
482|Bechet eurl|10 all fort vendrest 77130 CANNES ECLUSE|01 64 32 70 61
483|Sébastien services|929 av doct schweitzer 45200 AMILLY|02 38 93 01 15
484|Javoy frédéric|18 r tudelle 45100 ORLÉANS|06 74 56 09 71
485|Genisan|83 r reine blanche 45160 OLIVET|07 78 69 22 88
486|Thierry auger eurl|16 r pithiviers 45300 ASCOUX|02 38 33 00 24
487|Ets hume patrick|100 r emmanuel léger 45310 PATAY|02 38 75 73 25
488|Monteiro sergio|5 rte sully 45730 SAINT BENOÎT SUR LOIRE|02 38 35 18 31
489|Cottin alexandre|396 les terreforts 45220 GY LES NONAINS|06 23 25 96 04
490|Amiot fabien|1 r jarriers 45700 VILLEMANDEUR|06 98 26 00 63
491|Salgado jeremy|Lieu-dit pains perdus 45600 LION EN SULLIAS|06 98 71 09 65
492|Dsdc|3 r moulin à vent 45190 BEAUGENCY|07 70 53 13 50
493|Caron thierry|22 r gare 45290 LES CHOUX|02 38 31 85 22
494|Oplus sarl|4 imp petites cours 91150 LA FORÊT SAINTE CROIX|06 82 36 65 12
495|Brazey clément|1 r plaine 77760 RUMONT|06 82 26 26 38
496|Payet jean-pascal|24 r louvetière 77570 CHÂTEAU LANDON|06 26 92 13 62
497|Teau damien jean rene|20 r drufin 45000 ORLÉANS|06 59 82 10 10
498|Ad gomez sarl|4 r pensées 45190 VILLORCEAU|06 38 78 61 87
499|Pelle freres sarl|18 r croix boisee 28310 ROUVRAY SAINT DENIS|02 37 22 71 13
500|Javoy frédéric|18 r tudelle 45100 ORLÉANS|06 74 56 09 71
